lat,lon
46.587714,-112.025023
46.587719,-112.025107
46.587723,-112.025165
46.587721,-112.025216
46.587733,-112.025328
46.587723,-112.025369
46.58774,-112.025399
46.587754,-112.025446
46.587754,-112.025498
46.587756,-112.025543
46.587759,-112.025621
46.587764,-112.025689
46.587769,-112.025775
46.587769,-112.025825
46.587768,-112.025898
46.58777,-112.025968
46.587771,-112.02604
46.587769,-112.026108
46.587763,-112.026173
46.587758,-112.026234
46.587753,-112.026298
46.58775,-112.026358
46.587746,-112.026418
46.587741,-112.026474
46.587739,-112.026532
46.587741,-112.026589
46.587745,-112.026648
46.587751,-112.0267
46.587756,-112.026756
46.587757,-112.026812
46.587757,-112.026865
46.587756,-112.026916
46.587757,-112.02697
46.587759,-112.027023
46.587759,-112.027077
46.587758,-112.02713
46.587758,-112.027188
46.587759,-112.027243
46.58776,-112.027299
46.587761,-112.027352
46.587764,-112.027398
46.587768,-112.027449
46.587767,-112.027499
46.587766,-112.027544
46.587767,-112.027589
46.587758,-112.027634
46.58775,-112.027676
46.58774,-112.027714
46.587749,-112.02776
46.587773,-112.027786
46.587778,-112.027832
46.587779,-112.027879
46.587774,-112.027939
46.587754,-112.028111
46.58776,-112.028172
46.587763,-112.028262
46.587755,-112.028345
46.587757,-112.028415
46.587761,-112.028502
46.587759,-112.028595
46.587763,-112.028692
46.587759,-112.028801
46.587765,-112.028894
46.587764,-112.029
46.587759,-112.029081
46.587764,-112.029161
46.587781,-112.029238
46.587786,-112.029357
46.587772,-112.029414
46.587767,-112.029485
46.587772,-112.029546
46.587788,-112.029607
46.587782,-112.029671
46.58779,-112.029747
46.587787,-112.029817
46.587776,-112.029904
46.587779,-112.03
46.587778,-112.030078
46.587789,-112.030144
46.58778,-112.030203
46.587765,-112.030316
46.587766,-112.030391
46.587751,-112.030494
46.587759,-112.030588
46.587766,-112.030679
46.587762,-112.030778
46.587761,-112.030858
46.587782,-112.030937
46.587791,-112.031019
46.587822,-112.031081
46.587859,-112.031185
46.587882,-112.031275
46.587909,-112.031356
46.58794,-112.031481
46.587984,-112.031573
46.588018,-112.031645
46.588056,-112.031736
46.588088,-112.031807
46.588094,-112.031912
46.588122,-112.032004
46.588152,-112.032065
46.588172,-112.032145
46.588206,-112.032184
46.588237,-112.032229
46.588252,-112.032287
46.588277,-112.032338
46.588294,-112.032394
46.588316,-112.032454
46.588342,-112.032472
46.588367,-112.032516
46.588381,-112.032583
46.58841,-112.03266
46.588441,-112.032737
46.588467,-112.032813
46.588486,-112.032874
46.588521,-112.032953
46.588554,-112.033001
46.58858,-112.033079
46.588613,-112.033152
46.588652,-112.033231
46.588672,-112.033301
46.588709,-112.033349
46.588737,-112.033409
46.588767,-112.033464
46.588793,-112.033535
46.58882,-112.033581
46.588837,-112.03363
46.588866,-112.033684
46.588888,-112.033732
46.5889,-112.03381
46.588927,-112.033864
46.588967,-112.033955
46.588992,-112.034038
46.589022,-112.034125
46.589049,-112.034201
46.589073,-112.034271
46.589099,-112.034346
46.58913,-112.034419
46.589173,-112.034503
46.589208,-112.034586
46.589249,-112.034638
46.589281,-112.034721
46.589314,-112.034798
46.589337,-112.03485
46.589355,-112.034909
46.58937,-112.034947
46.589384,-112.035007
46.589385,-112.035073
46.589378,-112.035145
46.589357,-112.035207
46.58925,-112.035242
46.589189,-112.035308
46.589127,-112.035358
46.589069,-112.0354
46.589001,-112.035449
46.588936,-112.03547
46.588885,-112.035515
46.588828,-112.035561
46.588773,-112.035609
46.588719,-112.03565
46.588672,-112.035699
46.588612,-112.035746
46.588548,-112.035796
46.588504,-112.035848
46.588459,-112.035899
46.588415,-112.035951
46.58837,-112.035999
46.588326,-112.03604
46.588278,-112.036077
46.588234,-112.03611
46.588203,-112.036142
46.588165,-112.03617
46.58814,-112.036192
46.588104,-112.036238
46.58808,-112.036271
46.588043,-112.036338
46.588035,-112.036406
46.588022,-112.036498
46.588003,-112.03659
46.587951,-112.036681
46.587907,-112.036734
46.587881,-112.0368
46.587845,-112.03686
46.587805,-112.036927
46.587753,-112.036977
46.587698,-112.037018
46.587651,-112.037059
46.587619,-112.037099
46.587583,-112.037155
46.587572,-112.037208
46.587583,-112.037249
46.587611,-112.037303
46.58766,-112.037301
46.587718,-112.037289
46.587781,-112.037268
46.587863,-112.037248
46.587938,-112.037242
46.588006,-112.037231
46.588066,-112.037229
46.588123,-112.037205
46.588169,-112.037195
46.58823,-112.037187
46.588259,-112.03716
46.588304,-112.037141
46.588342,-112.037149
46.588381,-112.037155
46.588458,-112.037198
46.588516,-112.037231
46.588575,-112.037236
46.588619,-112.037231
46.588661,-112.037222
46.588686,-112.03718
46.588714,-112.037205
46.588714,-112.037251
46.588687,-112.037277
46.588659,-112.037296
46.588626,-112.037294
46.5886,-112.037325
46.588584,-112.037374
46.588577,-112.037426
46.588568,-112.037472
46.588561,-112.03753
46.588572,-112.037602
46.588596,-112.037671
46.588627,-112.037734
46.588661,-112.037787
46.588694,-112.03783
46.588732,-112.037844
46.588775,-112.037827
46.588815,-112.03779
46.588856,-112.037753
46.588886,-112.037738
46.588964,-112.037675
46.589089,-112.037559
46.589136,-112.03753
46.589197,-112.03751
46.589248,-112.037453
46.589285,-112.037419
46.589333,-112.037387
46.589378,-112.03736
46.589417,-112.037344
46.589456,-112.037335
46.589487,-112.03734
46.589525,-112.03733
46.589557,-112.03734
46.589514,-112.037408
46.589481,-112.037428
46.589441,-112.037444
46.589405,-112.037475
46.589371,-112.037505
46.589336,-112.037527
46.589302,-112.037548
46.589268,-112.037571
46.589234,-112.037599
46.589201,-112.037626
46.589162,-112.037658
46.589121,-112.037696
46.589083,-112.037734
46.589045,-112.03778
46.589006,-112.037819
46.588974,-112.037843
46.588947,-112.037859
46.588919,-112.037872
46.588893,-112.037884
46.588865,-112.0379
46.588811,-112.037935
46.588763,-112.03796
46.588728,-112.037969
46.58869,-112.037996
46.588658,-112.038015
46.588623,-112.038035
46.588593,-112.038057
46.588562,-112.03808
46.588533,-112.038102
46.588504,-112.038132
46.588475,-112.038163
46.588449,-112.038191
46.588421,-112.038213
46.588389,-112.038233
46.588359,-112.03825
46.588329,-112.038264
46.588299,-112.038279
46.588267,-112.038292
46.588237,-112.038307
46.588206,-112.038317
46.588177,-112.03833
46.588144,-112.038343
46.588115,-112.038354
46.588087,-112.038363
46.588061,-112.038372
46.588034,-112.038383
46.588008,-112.038397
46.587981,-112.038412
46.587955,-112.038429
46.587925,-112.038445
46.587895,-112.038461
46.587866,-112.038476
46.587838,-112.03849
46.587805,-112.038504
46.587767,-112.038519
46.58773,-112.038534
46.587696,-112.038547
46.587659,-112.038558
46.587623,-112.038577
46.58759,-112.0386
46.587562,-112.038623
46.587533,-112.038645
46.587502,-112.038659
46.587468,-112.038666
46.587434,-112.03867
46.5874,-112.038676
46.587367,-112.038684
46.587336,-112.038694
46.587306,-112.038702
46.587273,-112.038716
46.587241,-112.038724
46.587207,-112.038732
46.587175,-112.038743
46.587146,-112.038765
46.587118,-112.03878
46.58709,-112.038808
46.58706,-112.038825
46.587026,-112.038841
46.586994,-112.038855
46.586962,-112.038868
46.586934,-112.038881
46.586902,-112.0389
46.586868,-112.038913
46.586835,-112.038928
46.586804,-112.038943
46.586773,-112.038963
46.586744,-112.038984
46.586718,-112.039007
46.586688,-112.03903
46.586666,-112.039056
46.586651,-112.039107
46.586615,-112.039125
46.586575,-112.039124
46.586538,-112.039102
46.586509,-112.039065
46.586487,-112.039017
46.586467,-112.038971
46.586448,-112.038927
46.58643,-112.038886
46.58641,-112.038846
46.586388,-112.03881
46.586363,-112.03878
46.586336,-112.038759
46.586308,-112.038748
46.586258,-112.038748
46.58621,-112.038769
46.586187,-112.038794
46.586162,-112.038827
46.58614,-112.03886
46.586116,-112.038896
46.586093,-112.038932
46.58607,-112.038969
46.586049,-112.039007
46.586026,-112.039047
46.586005,-112.039082
46.585988,-112.039126
46.585971,-112.039166
46.585953,-112.039208
46.585939,-112.039248
46.585924,-112.039289
46.585908,-112.03933
46.585892,-112.039376
46.585873,-112.039425
46.585853,-112.039473
46.585835,-112.03952
46.585814,-112.03957
46.585792,-112.039617
46.585769,-112.039662
46.585747,-112.039705
46.58572,-112.039748
46.585694,-112.039788
46.585667,-112.039825
46.585641,-112.039863
46.585614,-112.039898
46.585585,-112.039933
46.585555,-112.039967
46.585529,-112.040001
46.5855,-112.04004
46.585474,-112.040078
46.585444,-112.040109
46.585416,-112.04014
46.585386,-112.040175
46.585356,-112.040208
46.585326,-112.040239
46.585298,-112.04027
46.585267,-112.040301
46.585237,-112.040329
46.585206,-112.040354
46.585177,-112.040376
46.585144,-112.040398
46.585112,-112.040416
46.585079,-112.040433
46.585047,-112.040449
46.585014,-112.040467
46.584982,-112.040485
46.584949,-112.040503
46.584917,-112.040521
46.584887,-112.040536
46.584855,-112.040553
46.584822,-112.040569
46.584791,-112.040583
46.584757,-112.040598
46.584724,-112.040613
46.584691,-112.040626
46.584659,-112.040638
46.584626,-112.040651
46.584595,-112.040665
46.584563,-112.040677
46.584535,-112.040692
46.584507,-112.040705
46.584456,-112.040728
46.584407,-112.040759
46.584382,-112.040776
46.584357,-112.040793
46.584305,-112.040823
46.584279,-112.040841
46.584254,-112.040861
46.58423,-112.040882
46.584204,-112.040903
46.584179,-112.040924
46.584155,-112.040942
46.584111,-112.040973
46.584074,-112.040999
46.584035,-112.04104
46.583995,-112.041086
46.583958,-112.041127
46.583923,-112.041168
46.583889,-112.041217
46.583849,-112.041269
46.58383,-112.041298
46.58381,-112.041334
46.583785,-112.041377
46.583762,-112.041419
46.583741,-112.04146
46.58372,-112.041506
46.583701,-112.041551
46.583682,-112.041597
46.583665,-112.041642
46.583647,-112.04169
46.583629,-112.041739
46.583609,-112.041795
46.583592,-112.041852
46.583573,-112.041912
46.583554,-112.041973
46.583532,-112.042057
46.583518,-112.042126
46.583502,-112.042201
46.583488,-112.042276
46.583471,-112.042357
46.583444,-112.042436
46.583415,-112.042521
46.583387,-112.042606
46.583361,-112.042681
46.583331,-112.042751
46.583313,-112.042833
46.583291,-112.042911
46.583266,-112.042991
46.583238,-112.043062
46.583212,-112.04312
46.583191,-112.043173
46.583165,-112.04322
46.583108,-112.043248
46.583074,-112.043261
46.583037,-112.043296
46.583008,-112.043346
46.582991,-112.043393
46.582963,-112.043457
46.582944,-112.04349
46.58292,-112.043513
46.582876,-112.043551
46.582843,-112.043596
46.582835,-112.043664
46.582827,-112.043734
46.582791,-112.043776
46.582752,-112.043811
46.582714,-112.043849
46.582675,-112.043881
46.582636,-112.043919
46.582613,-112.043951
46.582592,-112.043983
46.58257,-112.044011
46.582537,-112.044045
46.582509,-112.044083
46.582487,-112.04411
46.582476,-112.044069
46.582494,-112.044004
46.582504,-112.043963
46.582513,-112.043922
46.582533,-112.043854
46.582548,-112.04382
46.582563,-112.043784
46.582579,-112.043745
46.582599,-112.043681
46.582611,-112.043618
46.582614,-112.043558
46.582615,-112.043505
46.582621,-112.04345
46.58263,-112.043395
46.582651,-112.04334
46.582679,-112.043282
46.582706,-112.043219
46.582733,-112.043155
46.582755,-112.043091
46.582772,-112.043033
46.582784,-112.042968
46.582798,-112.042908
46.582814,-112.04285
46.582826,-112.042795
46.582837,-112.042738
46.582851,-112.042683
46.582865,-112.042631
46.582877,-112.042583
46.582886,-112.042532
46.582897,-112.042485
46.582897,-112.04243
46.58289,-112.042377
46.582877,-112.042326
46.582869,-112.042275
46.582867,-112.042221
46.582848,-112.042192
46.582835,-112.04224
46.582833,-112.042281
46.582832,-112.042321
46.582821,-112.042394
46.582804,-112.042469
46.582781,-112.042538
46.582753,-112.042607
46.582745,-112.042646
46.58274,-112.042685
46.58273,-112.042759
46.582707,-112.042826
46.582677,-112.042891
46.58266,-112.042923
46.582642,-112.042954
46.582609,-112.043012
46.582583,-112.043041
46.582574,-112.042981
46.582591,-112.042923
46.582612,-112.042862
46.582623,-112.042803
46.582622,-112.042746
46.58262,-112.042705
46.582613,-112.042667
46.582607,-112.042608
46.582606,-112.042565
46.582603,-112.04252
46.582605,-112.042472
46.582602,-112.042428
46.582571,-112.042439
46.582569,-112.04249
46.58255,-112.042536
46.58252,-112.042512
46.582508,-112.042463
46.582505,-112.042414
46.582509,-112.04236
46.582512,-112.042305
46.582515,-112.042249
46.582509,-112.042189
46.582494,-112.042135
46.582475,-112.042084
46.58246,-112.042039
46.582447,-112.041996
46.582432,-112.041954
46.582409,-112.041917
46.582386,-112.04188
46.582366,-112.041835
46.582342,-112.041798
46.582313,-112.041765
46.582285,-112.041727
46.582256,-112.04169
46.582235,-112.041641
46.58221,-112.041592
46.582183,-112.041545
46.582159,-112.041492
46.58213,-112.041443
46.582101,-112.0414
46.582075,-112.041359
46.58205,-112.04132
46.582025,-112.04128
46.581998,-112.041233
46.581972,-112.041184
46.581955,-112.041133
46.581934,-112.041096
46.581911,-112.041063
46.581888,-112.041031
46.581864,-112.040996
46.581843,-112.040957
46.581822,-112.040915
46.581808,-112.040877
46.581789,-112.040835
46.581762,-112.040807
46.581734,-112.040776
46.58171,-112.040743
46.581689,-112.040713
46.581667,-112.040675
46.581636,-112.040641
46.581605,-112.040592
46.58158,-112.040526
46.581562,-112.040391
46.58155,-112.040302
46.581537,-112.040201
46.581507,-112.040106
46.581461,-112.039997
46.581414,-112.039878
46.581368,-112.039777
46.581315,-112.039675
46.581261,-112.039565
46.581208,-112.03945
46.581157,-112.03932
46.581105,-112.039203
46.581058,-112.039078
46.581022,-112.038979
46.580984,-112.038908
46.580937,-112.038853
46.580893,-112.038794
46.580856,-112.038729
46.580816,-112.038668
46.580778,-112.038593
46.580746,-112.038534
46.580717,-112.038464
46.580685,-112.038423
46.580661,-112.038374
46.580636,-112.038301
46.580614,-112.038244
46.580591,-112.03818
46.580566,-112.038125
46.580536,-112.03805
46.5805,-112.037987
46.580464,-112.037893
46.580432,-112.037824
46.580403,-112.037765
46.580372,-112.037726
46.580334,-112.037721
46.58029,-112.037756
46.580248,-112.037798
46.580209,-112.037833
46.580169,-112.037869
46.580137,-112.037901
46.580099,-112.037938
46.58006,-112.037965
46.580018,-112.037998
46.579982,-112.03803
46.579944,-112.038069
46.5799,-112.038116
46.579869,-112.038146
46.579833,-112.038172
46.579779,-112.038231
46.579758,-112.03826
46.579713,-112.038305
46.579679,-112.038329
46.579653,-112.038353
46.579628,-112.038378
46.579605,-112.038404
46.579576,-112.038429
46.579548,-112.038451
46.579517,-112.038474
46.579485,-112.038497
46.579452,-112.03852
46.579419,-112.038544
46.579389,-112.038571
46.579361,-112.038598
46.57933,-112.038627
46.5793,-112.038652
46.579267,-112.038678
46.579235,-112.038703
46.579206,-112.038728
46.579177,-112.038754
46.579146,-112.038774
46.579117,-112.038798
46.579089,-112.038822
46.579063,-112.038847
46.579034,-112.03887
46.579007,-112.038892
46.578981,-112.038915
46.578954,-112.038939
46.578925,-112.038965
46.578897,-112.038991
46.578869,-112.039021
46.578844,-112.039051
46.578816,-112.03908
46.57879,-112.039106
46.578764,-112.039131
46.578739,-112.039154
46.578711,-112.039177
46.578685,-112.039194
46.578659,-112.039209
46.578631,-112.039225
46.578601,-112.039244
46.578569,-112.039263
46.578536,-112.039285
46.578499,-112.039312
46.578465,-112.039341
46.578436,-112.03937
46.57841,-112.039398
46.578388,-112.039426
46.578363,-112.039454
46.578337,-112.039483
46.578311,-112.039512
46.578285,-112.039544
46.578257,-112.039577
46.578225,-112.039611
46.578195,-112.039641
46.578167,-112.039668
46.578138,-112.039697
46.578108,-112.039723
46.578077,-112.039744
46.578047,-112.039764
46.578018,-112.039785
46.577989,-112.039803
46.577957,-112.03982
46.577925,-112.039833
46.577891,-112.039844
46.577857,-112.039852
46.577824,-112.039858
46.577793,-112.039862
46.57776,-112.039865
46.577729,-112.039866
46.577697,-112.039865
46.577666,-112.039863
46.577633,-112.039863
46.577603,-112.03986
46.577572,-112.039858
46.577541,-112.039856
46.577508,-112.039854
46.577477,-112.039853
46.577446,-112.039854
46.577418,-112.039854
46.577387,-112.039853
46.577356,-112.039852
46.577325,-112.039852
46.577294,-112.039853
46.577259,-112.039855
46.577225,-112.039854
46.57719,-112.039852
46.577156,-112.03985
46.577121,-112.039851
46.577087,-112.039855
46.577054,-112.039862
46.577023,-112.039871
46.576992,-112.039877
46.576962,-112.039886
46.576933,-112.039897
46.576904,-112.03991
46.576872,-112.039923
46.576842,-112.039938
46.576811,-112.039954
46.576781,-112.039968
46.576744,-112.039981
46.576714,-112.039994
46.576683,-112.040008
46.576654,-112.040023
46.576622,-112.040038
46.57659,-112.040054
46.576558,-112.04007
46.576527,-112.040089
46.576495,-112.040107
46.576463,-112.040123
46.576434,-112.040137
46.57638,-112.040156
46.576352,-112.040156
46.576324,-112.040153
46.576271,-112.040146
46.576237,-112.040127
46.576224,-112.040083
46.57622,-112.040033
46.576192,-112.040005
46.576157,-112.040027
46.576125,-112.040059
46.57608,-112.040095
46.576031,-112.04012
46.57598,-112.040145
46.57593,-112.040172
46.57588,-112.04019
46.575839,-112.040207
46.575797,-112.040226
46.575746,-112.040254
46.575722,-112.040271
46.57568,-112.040305
46.575639,-112.040329
46.575602,-112.040332
46.575566,-112.040318
46.575529,-112.040314
46.575484,-112.040317
46.575442,-112.040322
46.575404,-112.040339
46.575357,-112.04036
46.575306,-112.040377
46.575261,-112.04039
46.575216,-112.040399
46.575179,-112.040396
46.575151,-112.040397
46.575119,-112.0404
46.57509,-112.040403
46.575066,-112.040429
46.575035,-112.040455
46.575003,-112.040477
46.574959,-112.040497
46.574931,-112.040508
46.574905,-112.040521
46.574877,-112.040536
46.574836,-112.040564
46.574807,-112.040592
46.574776,-112.040593
46.574776,-112.040536
46.574783,-112.040481
46.574793,-112.040424
46.574808,-112.040369
46.574822,-112.040322
46.574831,-112.040271
46.574842,-112.040218
46.574864,-112.040171
46.574896,-112.040117
46.574921,-112.040081
46.574941,-112.040053
46.574974,-112.039995
46.574999,-112.039931
46.575017,-112.039877
46.574988,-112.039884
46.574957,-112.039925
46.574922,-112.039958
46.574889,-112.039991
46.574856,-112.040008
46.574826,-112.039985
46.57485,-112.039944
46.57487,-112.039906
46.57489,-112.039872
46.574912,-112.039838
46.574942,-112.039793
46.574955,-112.039736
46.574964,-112.039684
46.574991,-112.039643
46.575033,-112.039625
46.575063,-112.039591
46.575072,-112.039543
46.575096,-112.039491
46.575134,-112.039443
46.575157,-112.039418
46.575176,-112.039388
46.575207,-112.039333
46.57524,-112.039292
46.575267,-112.039245
46.575279,-112.039206
46.57524,-112.039194
46.575208,-112.039209
46.575181,-112.039217
46.575152,-112.039231
46.575126,-112.039251
46.575098,-112.039277
46.575068,-112.039297
46.575027,-112.039314
46.574977,-112.039324
46.574952,-112.03934
46.574924,-112.039356
46.574896,-112.039363
46.574846,-112.039361
46.574802,-112.039375
46.574767,-112.039391
46.574727,-112.03938
46.574734,-112.039319
46.574757,-112.039265
46.574776,-112.039212
46.574795,-112.039159
46.574813,-112.039106
46.574831,-112.039054
46.57485,-112.039002
46.574864,-112.038951
46.574841,-112.038909
46.574815,-112.038858
46.574815,-112.03879
46.574847,-112.038735
46.574882,-112.038693
46.574907,-112.03864
46.574926,-112.038584
46.574944,-112.038536
46.57497,-112.038497
46.574993,-112.03845
46.575008,-112.038396
46.574985,-112.038367
46.574944,-112.038381
46.574907,-112.03839
46.574878,-112.038388
46.574846,-112.038394
46.574814,-112.038392
46.574773,-112.038384
46.574737,-112.038396
46.574704,-112.038378
46.574707,-112.038328
46.574742,-112.038276
46.574765,-112.038219
46.574795,-112.038165
46.574829,-112.038114
46.574857,-112.038049
46.574859,-112.037994
46.574825,-112.038005
46.574794,-112.038023
46.574767,-112.038047
46.574736,-112.038052
46.574736,-112.038001
46.57477,-112.037959
46.57479,-112.037929
46.57482,-112.037868
46.574844,-112.037802
46.574869,-112.037738
46.574897,-112.037683
46.574914,-112.037625
46.574909,-112.037572
46.574863,-112.037571
46.574815,-112.037588
46.574769,-112.037587
46.574729,-112.037575
46.574691,-112.037582
46.574653,-112.037572
46.57465,-112.037528
46.574669,-112.037478
46.574678,-112.037419
46.574693,-112.037352
46.574702,-112.037288
46.574708,-112.037224
46.574721,-112.037166
46.574745,-112.037115
46.574775,-112.037069
46.574799,-112.037009
46.574812,-112.036937
46.574822,-112.036867
46.574831,-112.036803
46.574846,-112.036745
46.574871,-112.036689
46.574895,-112.036637
46.574914,-112.036582
46.574925,-112.036526
46.574932,-112.036472
46.574942,-112.036433
46.574958,-112.036386
46.574966,-112.036342
46.574958,-112.036295
46.574957,-112.036241
46.574964,-112.036187
46.574972,-112.03613
46.574982,-112.03608
46.574996,-112.036034
46.575008,-112.035994
46.57501,-112.03595
46.575015,-112.03591
46.575017,-112.035866
46.575015,-112.035819
46.57501,-112.035769
46.575001,-112.035722
46.574991,-112.035675
46.574984,-112.03563
46.574977,-112.035585
46.574969,-112.035537
46.574959,-112.035489
46.574955,-112.035439
46.574951,-112.035381
46.574942,-112.035324
46.574935,-112.035266
46.574933,-112.035205
46.574928,-112.035145
46.574918,-112.035094
46.574912,-112.035043
46.574907,-112.034991
46.574898,-112.034939
46.574887,-112.034887
46.574873,-112.034832
46.57486,-112.034777
46.574846,-112.034724
46.574838,-112.03467
46.574832,-112.034613
46.574826,-112.034557
46.574817,-112.0345
46.574807,-112.034448
46.574796,-112.034394
46.574786,-112.034341
46.574776,-112.034282
46.574764,-112.034227
46.574756,-112.034173
46.574752,-112.034119
46.57474,-112.034072
46.574727,-112.034021
46.574714,-112.03397
46.574707,-112.033906
46.574694,-112.033839
46.574689,-112.033782
46.574693,-112.03372
46.574692,-112.033661
46.574689,-112.033608
46.574692,-112.033548
46.574702,-112.033488
46.57471,-112.033427
46.574703,-112.033365
46.574699,-112.033305
46.574708,-112.033243
46.574717,-112.033176
46.574719,-112.033112
46.574728,-112.033048
46.574749,-112.033
46.574762,-112.032965
46.574791,-112.032954
46.574806,-112.032912
46.574866,-112.032899
46.574917,-112.032876
46.574981,-112.032806
46.575031,-112.032782
46.575076,-112.032736
46.575106,-112.032698
46.575132,-112.032651
46.575139,-112.032613
46.575176,-112.032594
46.575222,-112.03254
46.575242,-112.032501
46.575261,-112.032448
46.575273,-112.032325
46.575265,-112.032224
46.575268,-112.032131
46.575283,-112.032014
46.575295,-112.031925
46.575311,-112.031803
46.575321,-112.031694
46.57534,-112.031566
46.575359,-112.031455
46.575372,-112.031329
46.575383,-112.031214
46.57539,-112.031092
46.57539,-112.030958
46.575385,-112.030846
46.575395,-112.030738
46.575408,-112.03066
46.5754,-112.030585
46.575386,-112.030538
46.575377,-112.030481
46.575336,-112.030438
46.57528,-112.030403
46.575211,-112.030342
46.575145,-112.030313
46.575091,-112.030312
46.575056,-112.030287
46.575086,-112.030226
46.575124,-112.030188
46.575175,-112.03023
46.575224,-112.030268
46.575286,-112.030278
46.575348,-112.030255
46.57541,-112.030215
46.575469,-112.030189
46.575531,-112.030183
46.575577,-112.030166
46.575619,-112.030159
46.575651,-112.030166
46.575687,-112.030175
46.575729,-112.030201
46.575771,-112.030252
46.575805,-112.030327
46.575848,-112.030401
46.575889,-112.030463
46.575919,-112.030526
46.575962,-112.030552
46.575922,-112.0305
46.575924,-112.030454
46.575922,-112.030397
46.575908,-112.030327
46.575902,-112.030254
46.575892,-112.030149
46.575858,-112.030062
46.575831,-112.02997
46.575805,-112.029878
46.575785,-112.029794
46.575785,-112.029714
46.575903,-112.029794
46.575956,-112.029793
46.576031,-112.029827
46.576114,-112.029828
46.576161,-112.029807
46.576211,-112.029812
46.576243,-112.029782
46.576265,-112.02974
46.576256,-112.0297
46.576245,-112.029647
46.576211,-112.029567
46.576173,-112.029527
46.576142,-112.029486
46.576106,-112.029447
46.576114,-112.029337
46.576114,-112.029294
46.576109,-112.029235
46.576111,-112.029183
46.576107,-112.029132
46.576108,-112.029084
46.576117,-112.029021
46.576133,-112.028956
46.576127,-112.028885
46.576122,-112.028824
46.576121,-112.028768
46.576105,-112.028717
46.576101,-112.028664
46.576101,-112.028612
46.576103,-112.028562
46.576111,-112.0285
46.576117,-112.028451
46.576125,-112.0284
46.576131,-112.028351
46.576136,-112.028305
46.576141,-112.02826
46.576144,-112.028214
46.576146,-112.028173
46.576145,-112.028133
46.576143,-112.028055
46.576143,-112.02798
46.576141,-112.027903
46.576142,-112.027863
46.576142,-112.027824
46.57614,-112.027749
46.576141,-112.027689
46.576143,-112.027625
46.576144,-112.027562
46.576134,-112.027504
46.576129,-112.027445
46.576134,-112.027382
46.576134,-112.027316
46.576139,-112.027252
46.576152,-112.027216
46.576158,-112.027149
46.576169,-112.027074
46.57618,-112.027035
46.576191,-112.026998
46.576197,-112.026948
46.576188,-112.026891
46.576176,-112.026839
46.576171,-112.026788
46.576172,-112.026733
46.576177,-112.026682
46.576178,-112.026631
46.576177,-112.026582
46.576179,-112.026531
46.576182,-112.026482
46.576181,-112.02643
46.57618,-112.026376
46.576176,-112.026315
46.576182,-112.02618
46.57616,-112.026099
46.576142,-112.026024
46.576112,-112.025975
46.576073,-112.025958
46.576036,-112.025973
46.575998,-112.026012
46.575975,-112.026043
46.57594,-112.026083
46.575911,-112.026111
46.575887,-112.026144
46.575859,-112.026178
46.575833,-112.026213
46.575807,-112.02625
46.575778,-112.026277
46.575745,-112.0263
46.575702,-112.026327
46.575663,-112.026332
46.575626,-112.026318
46.575589,-112.026322
46.575554,-112.026338
46.57552,-112.026346
46.575482,-112.026343
46.575447,-112.026347
46.575413,-112.026344
46.575379,-112.026342
46.575344,-112.026345
46.57531,-112.026346
46.57528,-112.026354
46.575254,-112.026373
46.575228,-112.026394
46.5752,-112.02641
46.575169,-112.026425
46.575135,-112.026441
46.575105,-112.026463
46.575074,-112.026482
46.575047,-112.026507
46.575022,-112.026534
46.574999,-112.026571
46.574977,-112.026609
46.574955,-112.026646
46.574933,-112.026683
46.574908,-112.026717
46.574882,-112.026747
46.574855,-112.026782
46.57483,-112.026816
46.574805,-112.026847
46.574782,-112.026878
46.574758,-112.02691
46.574734,-112.026945
46.574709,-112.026981
46.574686,-112.027015
46.574663,-112.027049
46.57464,-112.027083
46.574622,-112.027122
46.574609,-112.027163
46.574594,-112.027204
46.574576,-112.027242
46.574552,-112.027276
46.574526,-112.02731
46.574501,-112.02735
46.574474,-112.027387
46.574447,-112.027425
46.574421,-112.027461
46.57439,-112.027488
46.574356,-112.027501
46.574316,-112.027497
46.574279,-112.027473
46.574227,-112.027409
46.574192,-112.027366
46.574158,-112.027323
46.574127,-112.027277
46.574094,-112.027226
46.574066,-112.027174
46.574044,-112.02712
46.574034,-112.027062
46.574029,-112.026997
46.574028,-112.026932
46.574027,-112.026866
46.574028,-112.026759
46.574028,-112.026675
46.574016,-112.026587
46.574016,-112.0265
46.574019,-112.026415
46.574027,-112.026319
46.574025,-112.026227
46.57403,-112.02613
46.574042,-112.026034
46.574022,-112.025933
46.574009,-112.025821
46.574021,-112.025707
46.57405,-112.025601
46.574078,-112.025493
46.574135,-112.025445
46.574203,-112.02536
46.574263,-112.025273
46.574306,-112.025169
46.574327,-112.025057
46.574353,-112.02494
46.574386,-112.024851
46.574436,-112.02475
46.574474,-112.024656
46.574513,-112.02458
46.574544,-112.02451
46.574553,-112.024415
46.57455,-112.024333
46.574539,-112.024249
46.574499,-112.024181
46.574448,-112.024096
46.574383,-112.024025
46.574323,-112.023947
46.574256,-112.023865
46.574196,-112.023769
46.574136,-112.023673
46.57409,-112.023546
46.574031,-112.023453
46.573989,-112.023352
46.57396,-112.023234
46.573914,-112.02317
46.573872,-112.023113
46.57383,-112.023054
46.573791,-112.02302
46.573767,-112.022998
46.57374,-112.023016
46.573721,-112.022965
46.573691,-112.022938
46.573661,-112.022918
46.573635,-112.022877
46.573592,-112.022848
46.573563,-112.022798
46.573537,-112.02274
46.573489,-112.022716
46.573453,-112.02271
46.573416,-112.022709
46.573371,-112.022707
46.573328,-112.022696
46.573281,-112.022659
46.573246,-112.022617
46.573221,-112.022568
46.573191,-112.022562
46.573158,-112.022563
46.573114,-112.022538
46.573114,-112.022473
46.573137,-112.02245
46.573162,-112.022425
46.573189,-112.022408
46.573216,-112.02239
46.573241,-112.022371
46.573268,-112.022358
46.573308,-112.022343
46.573346,-112.022304
46.57337,-112.022233
46.573375,-112.022192
46.57338,-112.022152
46.573385,-112.022085
46.573394,-112.02204
46.573405,-112.02199
46.573411,-112.021931
46.573425,-112.021871
46.573435,-112.021816
46.573437,-112.02176
46.573447,-112.021707
46.573458,-112.021665
46.573473,-112.021625
46.573494,-112.021578
46.573516,-112.021536
46.573537,-112.021489
46.573553,-112.021443
46.573561,-112.021399
46.573565,-112.021353
46.573582,-112.021317
46.573584,-112.02127
46.573596,-112.021205
46.57362,-112.021153
46.573656,-112.021109
46.573699,-112.021056
46.573719,-112.021025
46.573739,-112.020994
46.57376,-112.020955
46.573781,-112.020911
46.573802,-112.020875
46.573835,-112.020865
46.573865,-112.020897
46.573888,-112.020941
46.573911,-112.020989
46.573937,-112.021049
46.573962,-112.02111
46.573993,-112.02116
46.574031,-112.021204
46.574091,-112.021241
46.574124,-112.021268
46.574155,-112.021304
46.574191,-112.021324
46.574231,-112.021341
46.574257,-112.021373
46.574287,-112.021402
46.574311,-112.02144
46.574344,-112.021494
46.574363,-112.021525
46.574397,-112.021571
46.574426,-112.021582
46.574467,-112.021597
46.574507,-112.021601
46.574548,-112.021609
46.574599,-112.021618
46.574631,-112.021624
46.574665,-112.021634
46.574697,-112.021644
46.574726,-112.021644
46.574756,-112.021631
46.574789,-112.02162
46.574825,-112.021614
46.574868,-112.021617
46.574914,-112.021622
46.574958,-112.021622
46.574998,-112.021616
46.575034,-112.021603
46.57507,-112.021581
46.575102,-112.021556
46.575135,-112.021531
46.575172,-112.021518
46.575237,-112.021527
46.575297,-112.021544
46.575351,-112.021561
46.575402,-112.021597
46.575445,-112.021647
46.575483,-112.021692
46.575518,-112.021685
46.575546,-112.021683
46.575562,-112.021625
46.575582,-112.021577
46.575599,-112.021523
46.575614,-112.02145
46.575623,-112.021362
46.575645,-112.021266
46.575696,-112.021161
46.575741,-112.021071
46.575773,-112.020957
46.575808,-112.020849
46.575834,-112.020756
46.575849,-112.020662
46.575864,-112.020569
46.575867,-112.020488
46.575883,-112.020403
46.575879,-112.020343
46.575862,-112.020284
46.575858,-112.020234
46.575838,-112.020196
46.57584,-112.020155
46.575838,-112.020103
46.575847,-112.020063
46.575847,-112.020022
46.575854,-112.019961
46.575854,-112.019914
46.575859,-112.019875
46.575872,-112.019825
46.575872,-112.019781
46.575875,-112.019739
46.575866,-112.019666
46.575869,-112.019618
46.575869,-112.019564
46.575863,-112.019512
46.575848,-112.019464
46.575836,-112.019423
46.575823,-112.019382
46.575811,-112.019338
46.575807,-112.019287
46.575805,-112.019232
46.575804,-112.019172
46.575797,-112.019114
46.575782,-112.019062
46.575765,-112.019013
46.575745,-112.018973
46.575723,-112.01894
46.5757,-112.018894
46.57567,-112.018857
46.575641,-112.018822
46.575621,-112.018767
46.575604,-112.018707
46.575587,-112.018646
46.575577,-112.018603
46.575571,-112.018562
46.575563,-112.018488
46.575563,-112.018417
46.57556,-112.018346
46.575548,-112.018283
46.575526,-112.018229
46.5755,-112.018175
46.575473,-112.018119
46.575455,-112.018088
46.575424,-112.018039
46.575395,-112.017987
46.575367,-112.017932
46.575349,-112.017867
46.575341,-112.017803
46.575332,-112.017734
46.575323,-112.01765
46.575317,-112.017601
46.575313,-112.017553
46.575307,-112.017505
46.575302,-112.01746
46.575297,-112.017413
46.575294,-112.017364
46.575292,-112.017312
46.575289,-112.017262
46.575281,-112.01721
46.575269,-112.017161
46.575257,-112.017112
46.575244,-112.017064
46.57523,-112.017015
46.575212,-112.01697
46.575191,-112.016926
46.575167,-112.016873
46.57514,-112.016807
46.575114,-112.016723
46.575072,-112.016654
46.575041,-112.016588
46.575019,-112.016501
46.574967,-112.016437
46.574918,-112.016375
46.574879,-112.016328
46.574848,-112.016262
46.574813,-112.016203
46.574767,-112.016157
46.574752,-112.016083
46.574718,-112.016027
46.574689,-112.015971
46.574666,-112.015921
46.574621,-112.015852
46.574616,-112.015796
46.574601,-112.015762
46.574579,-112.015734
46.57456,-112.015699
46.574534,-112.015667
46.574511,-112.015638
46.574491,-112.015601
46.574463,-112.01557
46.574443,-112.015537
46.57442,-112.015507
46.574397,-112.015479
46.574376,-112.015454
46.574338,-112.015418
46.574302,-112.015395
46.574288,-112.015361
46.574256,-112.015335
46.574224,-112.015325
46.574196,-112.015297
46.574167,-112.01527
46.574137,-112.015247
46.574109,-112.015219
46.574078,-112.015198
46.574045,-112.015189
46.573984,-112.01518
46.573945,-112.015167
46.57391,-112.015154
46.573878,-112.015143
46.573852,-112.015133
46.573826,-112.015113
46.573797,-112.015097
46.573756,-112.015116
46.573712,-112.015166
46.573689,-112.015192
46.573668,-112.015218
46.573636,-112.015277
46.573632,-112.015345
46.573645,-112.015404
46.573648,-112.015448
46.573648,-112.0155
46.573644,-112.015567
46.573639,-112.015631
46.573636,-112.015691
46.573643,-112.015746
46.573662,-112.015799
46.573683,-112.015844
46.573699,-112.015888
46.57371,-112.015932
46.573721,-112.015969
46.573734,-112.016007
46.573749,-112.016044
46.573768,-112.016073
46.573791,-112.016096
46.573827,-112.01615
46.573861,-112.016212
46.573897,-112.016266
46.573913,-112.016311
46.573924,-112.016367
46.573938,-112.016428
46.573937,-112.016498
46.573928,-112.016568
46.573902,-112.01662
46.573868,-112.016676
46.573841,-112.016686
46.573795,-112.0167
46.573743,-112.016716
46.573662,-112.016713
46.573619,-112.016668
46.573607,-112.016628
46.57357,-112.016603
46.573528,-112.016576
46.573519,-112.016515
46.573582,-112.016512
46.573621,-112.016531
46.573649,-112.016539
46.573669,-112.01651
46.573649,-112.016454
46.573609,-112.016397
46.573576,-112.016353
46.573535,-112.016313
46.573482,-112.016272
46.573446,-112.016215
46.573425,-112.016136
46.5734,-112.016066
46.573378,-112.015996
46.573342,-112.01596
46.573312,-112.015961
46.573323,-112.016005
46.573339,-112.016048
46.573343,-112.016095
46.573345,-112.016154
46.573315,-112.01618
46.573296,-112.016142
46.573283,-112.016093
46.573232,-112.015946
46.573213,-112.015892
46.573181,-112.015824
46.573176,-112.015743
46.573139,-112.015694
46.573116,-112.015617
46.573085,-112.015587
46.573058,-112.015536
46.573045,-112.015492
46.573034,-112.015428
46.573004,-112.015389
46.573012,-112.015349
46.572971,-112.01536
46.572943,-112.015335
46.572949,-112.015295
46.57294,-112.015356
46.572929,-112.015439
46.57292,-112.015501
46.572907,-112.015552
46.572897,-112.01559
46.572863,-112.015609
46.572843,-112.015579
46.572822,-112.015538
46.572804,-112.01547
46.572797,-112.015255
46.572794,-112.015195
46.572779,-112.015158
46.572776,-112.015108
46.572764,-112.015068
46.572768,-112.015026
46.572758,-112.014935
46.572739,-112.014865
46.572697,-112.014817
46.572655,-112.014784
46.572629,-112.014819
46.572599,-112.014852
46.57257,-112.014898
46.572527,-112.014938
46.572499,-112.014974
46.572464,-112.01502
46.572441,-112.015074
46.572413,-112.01512
46.572379,-112.015168
46.57235,-112.015204
46.572325,-112.015231
46.572299,-112.015249
46.57227,-112.015276
46.572243,-112.015312
46.572218,-112.015342
46.572197,-112.015377
46.572164,-112.015428
46.572143,-112.015457
46.572118,-112.015488
46.572088,-112.015521
46.572061,-112.015555
46.572032,-112.015591
46.572005,-112.015623
46.571977,-112.015656
46.571951,-112.015689
46.571924,-112.015722
46.571897,-112.015751
46.57187,-112.015779
46.571849,-112.015806
46.571831,-112.01584
46.571812,-112.015894
46.571791,-112.015946
46.571768,-112.015999
46.571754,-112.016049
46.571721,-112.016088
46.571693,-112.016127
46.571666,-112.016169
46.57164,-112.016201
46.571616,-112.016236
46.571587,-112.016272
46.571548,-112.016309
46.571512,-112.016344
46.571475,-112.016381
46.571437,-112.016412
46.571396,-112.016439
46.571349,-112.016467
46.571307,-112.0165
46.571267,-112.016534
46.571225,-112.016563
46.57118,-112.016584
46.571135,-112.016605
46.571094,-112.016631
46.571055,-112.016653
46.571011,-112.016679
46.570968,-112.016716
46.57093,-112.016752
46.570888,-112.01678
46.570839,-112.01681
46.570792,-112.016844
46.570752,-112.016879
46.570716,-112.016918
46.570682,-112.016954
46.570662,-112.016987
46.570633,-112.017028
46.570602,-112.017067
46.570575,-112.017111
46.57055,-112.017155
46.570526,-112.017201
46.570495,-112.017244
46.570459,-112.017282
46.570431,-112.017321
46.570402,-112.017354
46.570376,-112.017391
46.570344,-112.017417
46.570306,-112.017449
46.570267,-112.017493
46.570233,-112.017528
46.570198,-112.01756
46.570157,-112.017585
46.570108,-112.017609
46.570065,-112.017634
46.570021,-112.017652
46.569978,-112.017669
46.569938,-112.017686
46.569892,-112.017701
46.569844,-112.017712
46.569797,-112.017724
46.56975,-112.017733
46.569703,-112.017747
46.569656,-112.017762
46.569615,-112.017771
46.569577,-112.017791
46.56954,-112.017802
46.569502,-112.017807
46.569461,-112.017816
46.569422,-112.017828
46.56939,-112.017842
46.569359,-112.017856
46.569324,-112.017874
46.569289,-112.017895
46.569252,-112.017924
46.569211,-112.017955
46.569172,-112.017986
46.56914,-112.018021
46.569119,-112.018061
46.5691,-112.018105
46.569084,-112.018152
46.56906,-112.018201
46.569034,-112.018249
46.569009,-112.018298
46.568989,-112.018353
46.568975,-112.01841
46.568963,-112.018468
46.568948,-112.018523
46.568927,-112.018578
46.568906,-112.018632
46.568885,-112.018688
46.568866,-112.018746
46.568845,-112.018805
46.568826,-112.018861
46.56881,-112.018915
46.568785,-112.018963
46.568755,-112.019007
46.568724,-112.019048
46.568694,-112.019089
46.568659,-112.019124
46.568617,-112.019154
46.568575,-112.019178
46.568535,-112.019198
46.568497,-112.019211
46.568459,-112.019223
46.568421,-112.019227
46.568378,-112.019215
46.56833,-112.019201
46.568281,-112.019186
46.56824,-112.019166
46.568206,-112.01914
46.568173,-112.019112
46.568136,-112.019087
46.568097,-112.019069
46.568059,-112.01905
46.568024,-112.019032
46.567991,-112.019017
46.567955,-112.019002
46.567921,-112.018981
46.567883,-112.018969
46.567843,-112.018966
46.567802,-112.018966
46.567762,-112.01897
46.567719,-112.01897
46.567678,-112.018966
46.567639,-112.018964
46.567594,-112.018963
46.567553,-112.01895
46.567513,-112.018925
46.567462,-112.018891
46.567437,-112.01887
46.567414,-112.018841
46.567394,-112.018807
46.567373,-112.018772
46.567353,-112.018738
46.567334,-112.018706
46.567313,-112.018662
46.567301,-112.018623
46.567268,-112.018641
46.567216,-112.018648
46.567188,-112.018651
46.567139,-112.018649
46.567102,-112.018641
46.567068,-112.018623
46.567029,-112.018605
46.56699,-112.01859
46.56696,-112.018591
46.566931,-112.018599
46.566898,-112.018595
46.566871,-112.018594
46.566843,-112.018584
46.566809,-112.018582
46.566777,-112.018569
46.566748,-112.018568
46.566717,-112.018576
46.566684,-112.018577
46.56665,-112.018581
46.566616,-112.018577
46.566582,-112.018571
46.566553,-112.018562
46.566519,-112.018558
46.566481,-112.018554
46.566451,-112.018556
46.566417,-112.018556
46.56638,-112.018556
46.566345,-112.018565
46.566312,-112.01857
46.566287,-112.018554
46.56625,-112.018554
46.566221,-112.01855
46.566183,-112.018547
46.566146,-112.018539
46.566119,-112.018531
46.566089,-112.01853
46.566052,-112.018524
46.566019,-112.018512
46.565994,-112.018486
46.565958,-112.018462
46.565908,-112.018448
46.565875,-112.018454
46.56584,-112.018448
46.565818,-112.018421
46.565795,-112.018381
46.565766,-112.018354
46.565733,-112.018327
46.565699,-112.018303
46.565666,-112.018282
46.565634,-112.018275
46.565603,-112.018265
46.565569,-112.01826
46.565533,-112.018267
46.565486,-112.018258
46.565452,-112.01825
46.565423,-112.01823
46.565382,-112.018215
46.565353,-112.01821
46.565323,-112.018205
46.565292,-112.018195
46.565266,-112.018179
46.565237,-112.018151
46.56521,-112.018127
46.565174,-112.018123
46.56514,-112.018131
46.565103,-112.018135
46.565069,-112.018131
46.565038,-112.018111
46.565013,-112.018092
46.564981,-112.018085
46.564948,-112.01807
46.564919,-112.018067
46.564887,-112.018074
46.564859,-112.018073
46.564828,-112.01808
46.564799,-112.018084
46.564764,-112.018107
46.564736,-112.018129
46.564711,-112.018161
46.56469,-112.018195
46.564703,-112.018246
46.564731,-112.018269
46.564763,-112.01829
46.564789,-112.018309
46.564815,-112.018334
46.56484,-112.018353
46.564868,-112.018371
46.564896,-112.018381
46.564928,-112.018417
46.564947,-112.018459
46.564963,-112.018501
46.564978,-112.018542
46.565005,-112.018567
46.565038,-112.018582
46.565088,-112.018593
46.565127,-112.018612
46.565167,-112.018641
46.565216,-112.018674
46.565276,-112.018739
46.565326,-112.018774
46.565365,-112.018801
46.5654,-112.018831
46.565436,-112.01886
46.565477,-112.01892
46.565502,-112.018935
46.565529,-112.018967
46.565558,-112.019003
46.565581,-112.019046
46.565615,-112.019149
46.565643,-112.019206
46.565679,-112.019221
46.565732,-112.019246
46.565759,-112.019258
46.565795,-112.019277
46.565827,-112.019286
46.565858,-112.019299
46.565886,-112.019309
46.565914,-112.019325
46.565941,-112.019339
46.565982,-112.019356
46.56602,-112.01936
46.56605,-112.01938
46.566081,-112.019417
46.566109,-112.019471
46.566124,-112.019504
46.566154,-112.019565
46.566187,-112.019613
46.566222,-112.019684
46.566243,-112.019759
46.566257,-112.019841
46.566267,-112.019923
46.566276,-112.020005
46.566287,-112.020171
46.566284,-112.020247
46.566285,-112.020345
46.566284,-112.020398
46.566275,-112.020456
46.566292,-112.020505
46.566259,-112.020556
46.566292,-112.020602
46.566287,-112.020642
46.566262,-112.020668
46.566231,-112.020716
46.566202,-112.020764
46.566158,-112.020807
46.566139,-112.020838
46.566125,-112.020875
46.566107,-112.020912
46.566088,-112.020944
46.566067,-112.020974
46.566035,-112.021018
46.566032,-112.021076
46.566035,-112.021123
46.566018,-112.021168
46.565998,-112.021211
46.565957,-112.02125
46.565925,-112.021289
46.565883,-112.021336
46.565841,-112.021387
46.565819,-112.021417
46.565799,-112.02145
46.565777,-112.021492
46.565755,-112.021531
46.565732,-112.021571
46.565715,-112.021606
46.565692,-112.021669
46.565663,-112.021715
46.56563,-112.021753
46.565593,-112.021791
46.565566,-112.021829
46.565549,-112.021874
46.565545,-112.021922
46.565548,-112.021968
46.565555,-112.022011
46.565561,-112.022052
46.565557,-112.022095
46.565537,-112.022136
46.565515,-112.022175
46.565494,-112.022216
46.565472,-112.022257
46.56544,-112.022297
46.565426,-112.022342
46.565402,-112.022393
46.56539,-112.022448
46.56539,-112.022505
46.565395,-112.022561
46.565402,-112.022616
46.565399,-112.022664
46.56539,-112.022708
46.565379,-112.022746
46.565382,-112.022788
46.56538,-112.022837
46.565369,-112.022886
46.565353,-112.022933
46.565349,-112.022987
46.565351,-112.023039
46.565347,-112.02309
46.565348,-112.023136
46.565354,-112.023181
46.565354,-112.023223
46.565344,-112.023268
46.565359,-112.02331
46.565357,-112.023369
46.565347,-112.023408
46.565335,-112.023452
46.565325,-112.023498
46.565309,-112.023539
46.565303,-112.023582
46.565304,-112.023629
46.565303,-112.023682
46.565295,-112.023735
46.565277,-112.023776
46.565265,-112.023815
46.565255,-112.023865
46.565245,-112.023917
46.565227,-112.023972
46.56521,-112.024019
46.565202,-112.024077
46.565192,-112.024136
46.565187,-112.024195
46.565178,-112.024249
46.565176,-112.024294
46.565165,-112.024345
46.56515,-112.024389
46.565129,-112.02444
46.565125,-112.024479
46.565114,-112.024529
46.565108,-112.024578
46.565092,-112.02463
46.565081,-112.024686
46.565058,-112.024731
46.56504,-112.024783
46.565029,-112.024824
46.565014,-112.024865
46.565001,-112.024907
46.564982,-112.02494
46.564962,-112.024973
46.564948,-112.025013
46.56496,-112.02506
46.564936,-112.025105
46.564915,-112.025144
46.564908,-112.025193
46.564898,-112.025237
46.564878,-112.025272
46.56485,-112.025302
46.564834,-112.025342
46.564832,-112.025386
46.56483,-112.02543
46.564827,-112.025479
46.564834,-112.025526
46.564836,-112.025578
46.564816,-112.025622
46.564782,-112.025659
46.564759,-112.025697
46.564733,-112.025736
46.564701,-112.025777
46.564685,-112.025834
46.564674,-112.025882
46.564657,-112.025926
46.564634,-112.025971
46.564612,-112.026024
46.5646,-112.026081
46.564587,-112.026134
46.564578,-112.026183
46.564569,-112.026233
46.564549,-112.026281
46.564523,-112.02632
46.564487,-112.026343
46.564452,-112.026369
46.564422,-112.026398
46.564396,-112.026434
46.564368,-112.026464
46.564332,-112.026486
46.564296,-112.026511
46.564264,-112.026532
46.56423,-112.02654
46.564199,-112.02655
46.564216,-112.026588
46.564249,-112.026578
46.564282,-112.026593
46.564309,-112.026602
46.564341,-112.02663
46.564368,-112.026675
46.564341,-112.026723
46.564301,-112.026722
46.56426,-112.026705
46.564217,-112.026702
46.564178,-112.026726
46.564173,-112.026767
46.564209,-112.026775
46.564237,-112.026795
46.564261,-112.026823
46.564296,-112.026853
46.564331,-112.026879
46.564369,-112.026897
46.564411,-112.026899
46.564443,-112.026921
46.564465,-112.026966
46.564477,-112.027036
46.564487,-112.027102
46.564497,-112.027163
46.564504,-112.02722
46.564527,-112.027267
46.564551,-112.027311
46.564567,-112.027357
46.564565,-112.02742
46.564541,-112.027459
46.564511,-112.02744
46.564487,-112.027411
46.564464,-112.027387
46.564437,-112.027359
46.564402,-112.027334
46.564366,-112.027347
46.564358,-112.027396
46.564377,-112.027443
46.564387,-112.027485
46.564399,-112.027526
46.564407,-112.027568
46.564416,-112.027608
46.564425,-112.027657
46.564422,-112.027702
46.564435,-112.027736
46.564461,-112.02778
46.564474,-112.027829
46.564479,-112.027877
46.564484,-112.027921
46.564494,-112.027962
46.56451,-112.028004
46.564525,-112.028047
46.564534,-112.028089
46.56454,-112.028131
46.564545,-112.028172
46.56455,-112.028213
46.56457,-112.028284
46.564589,-112.028314
46.564611,-112.028339
46.564663,-112.028352
46.564708,-112.028337
46.564742,-112.028343
46.564781,-112.028367
46.564812,-112.028416
46.564825,-112.02849
46.564802,-112.028556
46.564763,-112.028581
46.564725,-112.0286
46.564696,-112.028632
46.564676,-112.028672
46.564672,-112.028718
46.564676,-112.02876
46.564681,-112.028808
46.564666,-112.028845
46.564643,-112.028871
46.564623,-112.028901
46.564604,-112.028933
46.564588,-112.028967
46.564574,-112.029002
46.564604,-112.029014
46.564636,-112.028992
46.564682,-112.028989
46.564719,-112.028962
46.564759,-112.028922
46.564806,-112.028895
46.56485,-112.028855
46.56487,-112.028825
46.564896,-112.028781
46.56492,-112.028737
46.564946,-112.028691
46.564971,-112.028652
46.564996,-112.028617
46.565016,-112.028585
46.565046,-112.028514
46.565061,-112.028479
46.565096,-112.028417
46.565114,-112.028387
46.565142,-112.02833
46.565166,-112.028273
46.565201,-112.028219
46.565224,-112.028197
46.565267,-112.028159
46.565303,-112.028111
46.565334,-112.028061
46.565367,-112.028003
46.565387,-112.027969
46.565409,-112.027931
46.56543,-112.027897
46.565454,-112.027866
46.56548,-112.027838
46.565507,-112.027819
46.565535,-112.027801
46.565568,-112.02779
46.565602,-112.027786
46.565636,-112.027788
46.565667,-112.027795
46.565697,-112.027799
46.565725,-112.027799
46.565773,-112.027784
46.565804,-112.027781
46.565846,-112.02779
46.565952,-112.027808
46.566001,-112.027805
46.566071,-112.027822
46.566137,-112.027832
46.566201,-112.027852
46.566242,-112.027883
46.566292,-112.027922
46.566341,-112.027965
46.566386,-112.027986
46.566436,-112.028031
46.566486,-112.028085
46.56653,-112.028114
46.566575,-112.028161
46.566608,-112.028176
46.566643,-112.028199
46.566671,-112.028202
46.566699,-112.028211
46.566729,-112.028238
46.566762,-112.028262
46.566791,-112.028289
46.566835,-112.028303
46.566864,-112.028286
46.566893,-112.028277
46.566923,-112.028265
46.566954,-112.028259
46.566986,-112.028257
46.567016,-112.028264
46.567043,-112.02828
46.567096,-112.028293
46.567148,-112.028296
46.56719,-112.028291
46.567234,-112.028305
46.567277,-112.028307
46.567316,-112.028278
46.567344,-112.02826
46.567385,-112.028233
46.567409,-112.028195
46.567408,-112.028151
46.567393,-112.028113
46.567383,-112.02807
46.567378,-112.028018
46.567375,-112.027971
46.567369,-112.02792
46.567375,-112.027881
46.567407,-112.027841
46.567425,-112.027805
46.567444,-112.027756
46.56745,-112.027707
46.56745,-112.027657
46.567457,-112.027611
46.567475,-112.027562
46.567498,-112.027515
46.567522,-112.027469
46.567544,-112.027432
46.567563,-112.027397
46.567571,-112.027347
46.567574,-112.027304
46.56759,-112.027266
46.567618,-112.027248
46.567651,-112.027236
46.567689,-112.027239
46.567707,-112.027271
46.567703,-112.027324
46.567707,-112.027365
46.567718,-112.027411
46.567717,-112.027457
46.567725,-112.027501
46.567733,-112.027548
46.567739,-112.027591
46.567746,-112.02765
46.567755,-112.027712
46.567767,-112.027767
46.567782,-112.027814
46.567796,-112.027859
46.567814,-112.027896
46.567828,-112.027935
46.567839,-112.027977
46.567847,-112.028021
46.567857,-112.028062
46.567863,-112.028112
46.567862,-112.028183
46.567866,-112.028223
46.567871,-112.028294
46.567879,-112.028348
46.567889,-112.028406
46.56788,-112.02847
46.567872,-112.028528
46.567864,-112.028582
46.567847,-112.028637
46.567831,-112.028687
46.567813,-112.028735
46.567791,-112.028784
46.567766,-112.028838
46.567746,-112.028871
46.56772,-112.028897
46.567691,-112.028916
46.567647,-112.02895
46.567612,-112.028983
46.567586,-112.029017
46.567569,-112.029053
46.567559,-112.029095
46.56754,-112.029132
46.567517,-112.029155
46.567492,-112.029172
46.567459,-112.029194
46.567424,-112.02922
46.567387,-112.02924
46.567352,-112.029264
46.567325,-112.029302
46.567296,-112.029338
46.567262,-112.029372
46.567231,-112.029407
46.567202,-112.029431
46.567165,-112.029442
46.567133,-112.029462
46.567099,-112.029479
46.56706,-112.029489
46.567021,-112.029498
46.56699,-112.029513
46.567013,-112.029533
46.567073,-112.029514
46.567107,-112.029501
46.567139,-112.029489
46.567169,-112.029479
46.567207,-112.029465
46.567257,-112.0294
46.567303,-112.029379
46.56734,-112.029384
46.567378,-112.029399
46.567411,-112.029429
46.567449,-112.029408
46.56748,-112.029373
46.567509,-112.029292
46.56753,-112.02926
46.567569,-112.029215
46.567607,-112.02919
46.567642,-112.029168
46.567674,-112.029157
46.567703,-112.029147
46.567739,-112.02914
46.567783,-112.029121
46.567826,-112.029089
46.567859,-112.02903
46.567891,-112.028965
46.567928,-112.028912
46.56795,-112.028876
46.567961,-112.028839
46.567985,-112.028805
46.568003,-112.028765
46.568024,-112.028732
46.568049,-112.028696
46.568067,-112.028654
46.568077,-112.028605
46.568079,-112.028557
46.568083,-112.028496
46.568093,-112.028438
46.568101,-112.028381
46.568103,-112.028327
46.568104,-112.028268
46.568106,-112.028219
46.568116,-112.028173
46.568141,-112.028124
46.568167,-112.028084
46.568198,-112.028044
46.568215,-112.028012
46.568239,-112.027973
46.56827,-112.027946
46.568299,-112.027936
46.568326,-112.027948
46.568328,-112.027999
46.568308,-112.028036
46.568295,-112.028079
46.568305,-112.028126
46.568309,-112.028166
46.568315,-112.028205
46.568319,-112.02825
46.568323,-112.028293
46.56833,-112.028336
46.568342,-112.028386
46.568344,-112.028426
46.56834,-112.02847
46.568335,-112.028518
46.568325,-112.028572
46.568314,-112.028627
46.568308,-112.028681
46.568311,-112.028733
46.568317,-112.028781
46.568319,-112.028832
46.568309,-112.028882
46.5683,-112.028937
46.568298,-112.028994
46.568298,-112.029049
46.568301,-112.0291
46.568298,-112.029151
46.56829,-112.0292
46.568288,-112.029249
46.568294,-112.029297
46.56829,-112.029346
46.568289,-112.029399
46.568279,-112.029453
46.568271,-112.029508
46.568265,-112.029568
46.56825,-112.029621
46.568244,-112.029684
46.568242,-112.029723
46.568241,-112.02979
46.568249,-112.029872
46.568248,-112.029909
46.568246,-112.029947
46.568245,-112.029984
46.568244,-112.030022
46.56824,-112.030087
46.568245,-112.030154
46.568262,-112.030224
46.568294,-112.030282
46.56832,-112.030337
46.568352,-112.030391
46.568424,-112.030468
46.568444,-112.030523
46.568457,-112.030566
46.568447,-112.030617
46.568433,-112.030671
46.568398,-112.030786
46.568377,-112.030897
46.568339,-112.031014
46.568322,-112.03111
46.568306,-112.031213
46.56831,-112.031318
46.568325,-112.031403
46.568306,-112.031479
46.568299,-112.031526
46.568299,-112.031573
46.568256,-112.031636
46.568194,-112.031694
46.568153,-112.03177
46.568126,-112.03186
46.568078,-112.031946
46.568046,-112.032047
46.568003,-112.032147
46.568004,-112.032282
46.567987,-112.032417
46.567967,-112.032561
46.567947,-112.032678
46.567941,-112.032806
46.567957,-112.032945
46.567983,-112.033083
46.567991,-112.033184
46.56802,-112.033261
46.568021,-112.033353
46.568037,-112.033448
46.568066,-112.033529
46.568111,-112.033647
46.568142,-112.033702
46.568188,-112.033722
46.568168,-112.033652
46.568171,-112.033607
46.568167,-112.033521
46.568168,-112.033432
46.568173,-112.033375
46.568158,-112.03332
46.568201,-112.033402
46.568233,-112.033437
46.56829,-112.033487
46.568346,-112.033565
46.568382,-112.033635
46.568458,-112.033716
46.56852,-112.033783
46.568585,-112.033793
46.568629,-112.033871
46.568677,-112.033931
46.568708,-112.033921
46.568723,-112.033837
46.568709,-112.03376
46.568695,-112.033671
46.568688,-112.033577
46.568669,-112.033475
46.568665,-112.033401
46.568667,-112.03329
46.568668,-112.033175
46.56868,-112.033062
46.568703,-112.032948
46.568714,-112.032844
46.568747,-112.03276
46.568766,-112.032646
46.56881,-112.032607
46.568843,-112.032536
46.568897,-112.032465
46.568961,-112.032396
46.569011,-112.032322
46.569054,-112.032267
46.569113,-112.032225
46.569182,-112.032218
46.569248,-112.032213
46.569288,-112.032172
46.569335,-112.032136
46.569388,-112.03211
46.569437,-112.032091
46.569468,-112.032056
46.569485,-112.032094
46.569461,-112.032127
46.569456,-112.032189
46.569428,-112.032287
46.569409,-112.032374
46.569366,-112.032462
46.569313,-112.032528
46.569273,-112.03261
46.569221,-112.032668
46.569221,-112.032767
46.569212,-112.03286
46.569178,-112.032941
46.569177,-112.033026
46.56924,-112.033128
46.569302,-112.033214
46.56939,-112.033334
46.569453,-112.03342
46.569501,-112.033518
46.569547,-112.03359
46.569562,-112.033679
46.569593,-112.033747
46.569614,-112.033819
46.569628,-112.033855
46.56963,-112.033808
46.569617,-112.033763
46.569623,-112.033662
46.569623,-112.033566
46.569602,-112.03346
46.569607,-112.033353
46.569598,-112.033273
46.569609,-112.033204
46.569592,-112.033132
46.569582,-112.033038
46.569613,-112.032957
46.56965,-112.032892
46.569701,-112.032805
46.569749,-112.032756
46.569807,-112.0327
46.569861,-112.032665
46.569909,-112.032613
46.569949,-112.03264
46.569949,-112.032713
46.569969,-112.032805
46.569974,-112.032923
46.569987,-112.033051
46.570016,-112.033157
46.570019,-112.033234
46.570036,-112.033331
46.570051,-112.033399
46.57006,-112.033471
46.570058,-112.033515
46.570088,-112.03343
46.570106,-112.033342
46.570126,-112.033263
46.570153,-112.033191
46.570169,-112.033104
46.570216,-112.033051
46.570274,-112.033017
46.570344,-112.032967
46.570407,-112.032902
46.570469,-112.032838
46.570535,-112.032776
46.570613,-112.032743
46.570681,-112.032681
46.570739,-112.032611
46.570797,-112.032557
46.570847,-112.0325
46.570914,-112.032489
46.570967,-112.032436
46.57102,-112.032384
46.571067,-112.032336
46.571112,-112.032258
46.571167,-112.032193
46.571228,-112.032117
46.571285,-112.032038
46.571362,-112.031968
46.571435,-112.031876
46.571512,-112.031799
46.571587,-112.031703
46.571662,-112.031613
46.571742,-112.031509
46.571799,-112.03141
46.571838,-112.031304
46.571872,-112.031206
46.571943,-112.03114
46.572021,-112.031059
46.572095,-112.030992
46.572154,-112.030926
46.572223,-112.030916
46.572302,-112.03095
46.572379,-112.030927
46.572455,-112.0309
46.57252,-112.030879
46.572562,-112.030875
46.572586,-112.030915
46.57256,-112.030926
46.572571,-112.030987
46.572597,-112.031045
46.572649,-112.0311
46.572694,-112.031156
46.572741,-112.031211
46.572801,-112.031274
46.572866,-112.031335
46.572917,-112.031368
46.572969,-112.031376
46.573018,-112.031343
46.573058,-112.031301
46.573089,-112.031227
46.573104,-112.031148
46.573117,-112.031068
46.573132,-112.031013
46.573141,-112.030975
46.573136,-112.031041
46.573219,-112.031179
46.573235,-112.031242
46.573248,-112.031305
46.57328,-112.031378
46.573307,-112.031433
46.57333,-112.031513
46.573389,-112.031619
46.573427,-112.031691
46.57347,-112.031765
46.573496,-112.03179
46.573519,-112.031756
46.573534,-112.031721
46.573547,-112.031604
46.573563,-112.031538
46.573588,-112.031494
46.573636,-112.031498
46.573668,-112.031573
46.573701,-112.031639
46.573743,-112.03175
46.573795,-112.031798
46.573844,-112.031802
46.573913,-112.031818
46.573971,-112.031834
46.574039,-112.031875
46.574107,-112.0319
46.574174,-112.031969
46.574239,-112.032025
46.574302,-112.032116
46.574363,-112.032226
46.574417,-112.032326
46.574474,-112.03242
46.574541,-112.032523
46.574611,-112.032623
46.57468,-112.032713
46.574756,-112.032796
46.57485,-112.032859
46.574936,-112.032893
46.575035,-112.032928
46.57513,-112.03292
46.575225,-112.032903
46.575317,-112.032858
46.575393,-112.032813
46.575462,-112.032772
46.575553,-112.032744
46.575639,-112.032722
46.575719,-112.032724
46.57579,-112.03272
46.575869,-112.032746
46.575953,-112.032776
46.576031,-112.032814
46.576098,-112.032846
46.576156,-112.032855
46.576219,-112.03288
46.576274,-112.032922
46.576314,-112.032996
46.576357,-112.033091
46.576407,-112.033179
46.576461,-112.033281
46.576504,-112.03339
46.576552,-112.033498
46.57663,-112.033597
46.576688,-112.03368
46.576754,-112.033747
46.576857,-112.03378
46.576959,-112.033846
46.57706,-112.033919
46.577147,-112.033962
46.577237,-112.033999
46.577336,-112.034029
46.577415,-112.034092
46.577487,-112.034135
46.577564,-112.034187
46.57764,-112.034234
46.577709,-112.034253
46.57777,-112.034244
46.577841,-112.034248
46.577915,-112.03428
46.577996,-112.034366
46.578074,-112.034405
46.578165,-112.034461
46.578257,-112.034489
46.578344,-112.034471
46.578415,-112.034418
46.578498,-112.034357
46.578587,-112.034286
46.578691,-112.034229
46.578799,-112.0342
46.578915,-112.034181
46.579024,-112.03418
46.579129,-112.034188
46.579213,-112.034238
46.579293,-112.034331
46.57935,-112.034471
46.579401,-112.034623
46.579419,-112.034772
46.579418,-112.034924
46.579427,-112.035067
46.579434,-112.035201
46.579456,-112.035299
46.579488,-112.035388
46.579525,-112.035452
46.579557,-112.035512
46.579578,-112.035581
46.579615,-112.035636
46.57966,-112.035675
46.579712,-112.035708
46.579764,-112.035737
46.579812,-112.03578
46.579852,-112.035792
46.579893,-112.035789
46.579934,-112.035772
46.579988,-112.035762
46.580032,-112.035762
46.580068,-112.035753
46.580099,-112.035747
46.580135,-112.035747
46.580162,-112.03576
46.58022,-112.035731
46.580279,-112.035717
46.580354,-112.035746
46.580433,-112.035802
46.580514,-112.035848
46.580601,-112.0359
46.580671,-112.035939
46.580733,-112.035996
46.580771,-112.036079
46.580784,-112.036181
46.580794,-112.036302
46.580796,-112.036444
46.580787,-112.036589
46.580779,-112.036724
46.58078,-112.036843
46.580781,-112.036953
46.580782,-112.037044
46.580781,-112.037126
46.580774,-112.037197
46.580738,-112.037233
46.580699,-112.037222
46.580736,-112.037191
46.580786,-112.037129
46.580809,-112.037113
46.580832,-112.037097
46.580855,-112.03708
46.580878,-112.037064
46.580954,-112.036994
46.581007,-112.036955
46.581062,-112.036935
46.581112,-112.036918
46.581163,-112.036943
46.581209,-112.03698
46.581258,-112.037081
46.581289,-112.037146
46.581315,-112.037182
46.581343,-112.037226
46.58138,-112.037264
46.581409,-112.037311
46.581431,-112.037353
46.581452,-112.037391
46.581464,-112.037433
46.581475,-112.037476
46.581492,-112.037513
46.581517,-112.037566
46.581536,-112.037616
46.581556,-112.037666
46.581578,-112.037718
46.581608,-112.037773
46.581632,-112.03783
46.581659,-112.037886
46.581678,-112.037918
46.58171,-112.037977
46.581724,-112.038021
46.581742,-112.038064
46.581758,-112.038117
46.581773,-112.038176
46.581796,-112.038216
46.58182,-112.038267
46.581839,-112.038328
46.58186,-112.038382
46.581882,-112.038436
46.581904,-112.038485
46.581928,-112.038539
46.58195,-112.03859
46.581974,-112.038642
46.581996,-112.03869
46.582018,-112.038742
46.582038,-112.038791
46.58206,-112.03884
46.582082,-112.038885
46.582105,-112.038931
46.582127,-112.038979
46.582148,-112.039027
46.582165,-112.039074
46.582184,-112.039123
46.582205,-112.039173
46.582227,-112.039223
46.582272,-112.039299
46.582314,-112.039356
46.58235,-112.039435
46.58235,-112.039498
46.582409,-112.039559
46.582428,-112.03962
46.582457,-112.039688
46.582495,-112.039763
46.582519,-112.039838
46.582561,-112.039917
46.5826,-112.039999
46.582627,-112.040095
46.582668,-112.040193
46.582714,-112.040313
46.582756,-112.040433
46.582801,-112.040545
46.582847,-112.040648
46.58289,-112.040745
46.582936,-112.040845
46.582967,-112.040959
46.582978,-112.041066
46.582985,-112.041177
46.582985,-112.04128
46.582963,-112.041366
46.582938,-112.041445
46.582929,-112.041535
46.582927,-112.041613
46.582924,-112.041686
46.582922,-112.041769
46.582918,-112.041851
46.58292,-112.041927
46.582908,-112.041996
46.582902,-112.04205
46.582901,-112.042114
46.582892,-112.042157
46.582881,-112.042207
46.582889,-112.042257
46.582895,-112.042341
46.582914,-112.042439
46.58291,-112.042531
46.582899,-112.042637
46.582877,-112.042766
46.582863,-112.042889
46.582834,-112.043003
46.582808,-112.043115
46.582763,-112.043233
46.582721,-112.043344
46.582687,-112.043445
46.582673,-112.043541
46.582655,-112.043637
46.582631,-112.043723
46.582598,-112.043803
46.582559,-112.043868
46.582533,-112.043949
46.582505,-112.044031
46.582484,-112.044075
46.582543,-112.044062
46.582567,-112.044039
46.582611,-112.043989
46.58263,-112.043901
46.582673,-112.043851
46.58273,-112.043817
46.58276,-112.043773
46.582791,-112.043738
46.582818,-112.043697
46.582837,-112.043639
46.582837,-112.043583
46.582853,-112.043525
46.582894,-112.043493
46.582939,-112.043463
46.582973,-112.04343
46.583,-112.043384
46.583026,-112.043327
46.583046,-112.043259
46.58311,-112.043243
46.583146,-112.043199
46.583177,-112.04315
46.583197,-112.043086
46.583199,-112.043001
46.583205,-112.042924
46.583227,-112.04287
46.583255,-112.042829
46.583292,-112.042837
46.583318,-112.042859
46.58334,-112.042889
46.583363,-112.042931
46.583384,-112.042961
46.583399,-112.043008
46.583409,-112.043089
46.5834,-112.043158
46.5834,-112.04324
46.583392,-112.04332
46.583383,-112.043402
46.583379,-112.043491
46.583377,-112.043585
46.583368,-112.043692
46.583368,-112.043798
46.58337,-112.043911
46.583376,-112.044014
46.583392,-112.044122
46.583413,-112.044216
46.583445,-112.044282
46.583472,-112.044323
46.583514,-112.044344
46.583555,-112.044329
46.583592,-112.0443
46.58363,-112.044242
46.583675,-112.044183
46.583709,-112.044129
46.583759,-112.044088
46.583795,-112.044055
46.583836,-112.044031
46.583869,-112.043989
46.583898,-112.043968
46.58393,-112.043934
46.58396,-112.043911
46.584,-112.043879
46.584031,-112.043829
46.584063,-112.043789
46.584096,-112.043749
46.58413,-112.043709
46.58416,-112.043669
46.58418,-112.043636
46.584208,-112.043606
46.584235,-112.04357
46.58426,-112.043531
46.584286,-112.043496
46.584313,-112.043459
46.584342,-112.043428
46.584369,-112.043394
46.584397,-112.04336
46.584426,-112.043326
46.584455,-112.043296
46.584485,-112.043265
46.58451,-112.043231
46.584536,-112.043192
46.58456,-112.04315
46.584582,-112.043107
46.584604,-112.043064
46.584624,-112.043015
46.584644,-112.042964
46.584672,-112.042888
46.58469,-112.042823
46.584731,-112.04277
46.58477,-112.042718
46.584808,-112.042685
46.584846,-112.042654
46.584882,-112.042627
46.584927,-112.042573
46.584962,-112.042503
46.585002,-112.042445
46.585057,-112.042395
46.585115,-112.042332
46.585169,-112.042279
46.585228,-112.042209
46.585274,-112.042147
46.585351,-112.042097
46.585426,-112.042034
46.585385,-112.041914
46.585482,-112.041868
46.585564,-112.041819
46.585644,-112.041767
46.585716,-112.041716
46.585804,-112.041676
46.585882,-112.04162
46.585947,-112.041573
46.586007,-112.041526
46.58607,-112.041484
46.586139,-112.041462
46.586199,-112.041465
46.586235,-112.04148
46.586267,-112.041483
46.586283,-112.041529
46.586307,-112.041561
46.586314,-112.041619
46.586332,-112.041667
